"Item Code","Item","Description","HS Code","HS07 Code","HS12 Code","CPC Code"
"862","Alfalfa meal and pellets","Alfalfa (lucerne) dried, whole, cut, chopped, milled, pressed or pelletized.","","121410","121410","23320"
"231","Almonds shelled","Around 55% of the weight in shell.","","080212","080212","21422"
"1171","Animals live nes","Any other animal grown for meat, eggs, feathers and skins, e.g. ostrich, antelope, deer, reindeer, chamois.","","010611, 010612, 010619, 010620, 010639, 010690","010611, 010612, 010619, 010620, 010633, 010649","02199.20"
"1169","Animals, live, non-food","Any animal not raised for food. External trade data also include wild animals.","","010611, 010612, 010619, 010620, 110690","010611, 010612, 010619, 010620, 110690","02199.10"
"711","Anise, badian, fennel, coriander","Include: anise (Pimpinella anisum); badian or star anise (Illicium verum); caraway (Carum carvi); coriander (Coriandrum sativum); cumin (Cuminum cyminum); fennel (Foeniculum vulgare); juniper berries (Juniperus communis). Seeds and berries from the various plants listed. They are normally used as spices, but also have industrial (e.g. in distilleries) and medicinal applications.","","090910, 090920, 090930, 090940, 090950","090921, 090922, 090931, 090932, 090961, 090962","01654"
"515","Apples","Malus pumila; M. sylvestris; M. communis; Pyrus malus.","","080810","080810","01341"
"526","Apricots","Prunus armeniaca.","","080910","080910","01343"
"527","Apricots, dry","Prepared either by direct drying in the sun or by industrial processes. May be marketed as slices or blocks of pulp, either dried or evaporated.","","081310","081310","21419.01"
"366","Artichokes","Cynara scolymus.","","070990","070991","01216"
"367","Asparagus","Asparagus officinalis.","","070920","070920","01211"
"1107","Asses","Equus asinus. See 866.","","010110, 010190","010130","02132"
"572","Avocados","Persea americana.","","080440","080440","01311"
"1039","Bacon and ham","Meat of pigs, whether salted, in brine, dried or smoked.","","021011, 021012, 021019","021011, 021012, 021019","21181"
"203","Bambara beans","Bambara groundnut, earth pea (Voandzeia subterranea). These beand are grown underground in a similar way to groundnuts.","","071339","071334","01708"
"486","Bananas","Musa sapientum; M. cavendishii; M. nana. Bananas are normally eaten raw. Trade figures may include dried bananas. Data should be reported excluding the weight of the central stalk.","","080300","080390","01312"
"44","Barley","Hordeum spp.: two-row barley (H. disticum) six-row barley (H. hexasticum) four-row barley (H. vulgare). Tolerates poorer soils and lower temperatures better than does wheat. Varieties include with husk and without (naked). Used as a livestock feed, for malt and for preparing foods. The roasted grains are a coffee substitute.","","100300","100310, 100390","0115"
"46","Barley, pearled","Small, round pellets obtained by the further milling of pot barley. This definition also includes kibbled, rolled or flaked grains.","","110419, 110429","110419, 110429","23140.05"
"176","Beans, dry","Phaseolus spp.: kidney, haricot bean (Ph. vulgaris); lima, butter bean (Ph. lunatus); adzuki bean (Ph. angularis); mungo bean, golden, green gram (Ph. aureus); black gram, urd (Ph. mungo); scarlet runner bean (Ph. coccineus); rice bean (Ph. calcaratus); moth bean (Ph. aconitifolius); tepary bean (Ph. acutifolius). Only species of Phaseolus should be included, though several countries also include certain types of beans. Commonly classified as Vigna (angularis, mungo, radiata, aconitifolia). In the past, these species were also classified as Phaseolus.","","071331, 071332, 071333, 071339","071331, 071332, 071333, 071339","01701"
"414","Beans, green","Phaseolus and Vigna spp.. For shelling.","","070820","070820","01241.90"
"1181","Beehives","Apis mellifica; A. dorsata; A. florea; A. indica. A beehive is an artificial habitation for bees.","","010690","010641","02196"
"51","Beer of barley","Beverage that may be alcoholic or non-alcoholic that is made from fermented malted cereals (mainly barley), water and hops. Non-malted cereals may also be used. The FAO definition differs from the main international classifications in that it includes non-alcoholic beer.","","220300","220300","24310.01"
"86","Beer of sorghum","A traditional beer prepared in African countries in which sorghum is cultivated. It is normally consumed while still fermenting.","","220300","220300","24310.04"
"1183","Beeswax","The substance bees use to build the hexagonal cells of the combs of beehives. Includes other insect waxes as well, i.e. lac and Chinese wax.","","152190","152190","02960.01"
"169","Beet pulp","Residue from the extraction of sugar from the root of sugar beets. Used for animal feed.","","230320","230320","39140.01"
"634","Beverages, distilled alcoholic","Includes undenatured ethyl alcohol (strength by volume < 80%); spirits, liqueurs and other spirituous beverages and preparations.","","220820, 220830, 220840, 220850, 220860, 220870, 220890","220820, 220830, 220840, 220850, 220860, 220870, 220890","2413"
"39","Beverages, fermented rice","Low-alcohol beverages, such as rice wine and sake.","","220600","220600","24230.02"
"633","Beverages, non alcoholic","Includes sweetened or flavoured mineral waters and other non-alcoholic beverages, such as lemonade, orangeade, cola, etc. Excludes fruit and vegetable juices.","","220210, 220290","220210, 220290","24490"
"552","Blueberries","European blueberry, wild bilberry, whortleberry (Vaccinium myrtillus); American blueberry (V. corymbosum). Trade data may include cranberries, myrtle berries and other fruits of the genus Vaccinium.","","081040","081040","01355.01"
"91","Bran, buckwheat","A milling by-product.","","230240","230240","39120.09"
"96","Bran, fonio","A milling by-product.","","230240","230240","39120.10"
"59","Bran, maize","A by-product of the milling of shelled maize.","","230210","230210","39120.04"
"81","Bran, millet","A milling by-product.","","230240","230240","39120.07"
"85","Bran, sorghum","A milling by-product.","","230240","230240","39120.08"
"17","Bran, wheat","Defined broadly to include sharps and other residue from the milling, sifting or other working of the grain. Contains a little flour.","","230230","230230","39120.01"
"229","Brazil nuts, shelled","Around 55% of the weight in shell.","","080122","080122","21429.01"
"20","Bread","A baked product of flour or meal of cereals, especially wheat. Includes ordinary, unleavened, crackers, rusks, etc.","","190510, 190540, 190590","190510, 190540, 190590","F0020"
"181","Broad beans, horse beans, dry","Vicia faba: horse-bean (var. equina); broad bean (var. major); field bean (var. minor).","","071350","071350","01702"
"89","Buckwheat","Fagopyrum esculentum (Polygonaceae). A minor cereal cultivated primarily in northern regions. Buckwheat is considered a cereal, although it does not belong to the gramineous family.","","100810","100810","01192"
"946","Buffaloes","Indian, Asiatic, pigmy, water buffalo (Bubalus bubalus; B. arnee; B. depressicornis); African buffalo (genus Syncerus); American bison (Bison bison); European bison (Bison bonasus); beeffalo (cross between a bison and a domesticated beef animal). See 866. Excludes wild bisons and buffaloes.","","010210, 010290","010231, 010239","02112"
"21","Bulgur","Whole wheat grains that are boiled, dried and cracked, either between stones or in a hand mill. Very popular in the Near East.","","190430","190430","23140.02"
"264","Butter of karite nuts","A very important vegetable oil in West Africa. Used as a substitute for cocoa butter and in cosmetics.","","151590","151590","21691.03"
"886","Butter, cow milk","Emulsion of milk fat and water that is obtained by churning cream. Trade data cover butter from the milk of any animal.","","040510, 040520","040510, 040520","22241.01"
"893","Buttermilk, curdled, acidified milk","Residue from butter making. Includes kephir.","","040390","040390","22230.03"
"358","Cabbages and other brassicas","Chinese, mustard cabbage, pak-choi (Brassica chinensis); white, red, savoy cabbage, Brussels sprouts, collards, kale and kohlrabi (Brassica oleracea all var. except botrytis).","","070420, 070490","070420, 070490","01212"
"253","Cake, copra","Residue from oil extraction.","","230650","230650","21910.05"
"332","Cake, cottonseed","Residue from oil extraction.","","230610","230610","21910.15"
"245","Cake, groundnuts","Residue from oil extraction.","","230500","230500","21910.04"
"338","Cake, hempseed","Residue from oil extraction.","","230690","230690","21910.17"
"314","Cake, kapok","Residue from oil extraction.","","230690","230690","21910.14"
"335","Cake, linseed","Residue from oil extraction.","","230620","230620","21910.16"
"61","Cake, maize","A residue of the extraction of oil from germ.","","230690","230690","21910.02"
"294","Cake, mustard","Residue from oil extraction.","","230690","230690","21910.12"
"259","Cake, palm kernel","Residue from oil extraction.","","230660","230660","21910.06"
"272","Cake, rapeseed","Residue from oil extraction.","","230641, 230649","230641, 230649","21910.08"
"37","Cake, rice bran","A residue of the extraction of oil. Also known as de-oiled rice bran.","","230690","230690","21910.01"
"282","Cake, safflower","Residue from oil extraction.","","230690","230690","21910.10"
"291","Cake, sesame seed","Residue from oil extraction.","","230690","230690","21910.11"
"238","Cake, soybeans","Oilcake and other solid residues (except dregs), whether or not ground, or in the form of pellets, resulting from the extraction of fats or oils.","","230400","230400","21910.03"
"269","Cake, sunflower","Residue from oil extraction. The cake is used for feed if it is from decorticated seeds, or for fertilizer if it comes from undecorticated seeds.","","230630","230630","21910.07"
"1157","Camelids, other","Various species of Lama: e.g. glama pacos (alpaca); peruana (llama); huanacos (guanaco>); vicugna (vicu¤a). See 866.","","010619","010613","02121.02"
"1126","Camels","Bactrian camel (Camelus bactrianus); Arabian camel (C. dromedarius). See 866.","","010619","010613","02121.01"
"101","Canary seed","Phalaris canariensis. Minor cereal normally used as bird feed.","","100830","100830","01195"
"630","Cane tops","The leaves and upper part of the stalks, which are used for feed. The tops represent about 10% of the weight of the plant.","","230800","230800","39120.17"
"426","Carrots and turnips","Daucus carota. Trade data may include turnips (Brassica rapa var. rapifera).","","070610","070610","01251"
"230","Cashew nuts, shelled","Around 25% of the weight in shell.","","080132","080132","21424"
"217","Cashew nuts, with shell","Anacardium occidentale. Produced mainly in East Africa, India and Brazil.","","080131","080131","01372"
"591","Cashewapple","Anacardium occidentale. The thickened, fleshy stem below the cashew nut. When soft it is used for jam.","","081090","081090","01359.02"
"125","Cassava","Manioc, mandioca, yuca (Manihot esculenta, syn. M. utilissima); yuca dulce (M. palmata, syn. M. dulcis). A semi-permanent crop grown in tropical and subtropical regions. Sometimes bitter and sweet cassavas are referred to as separate species, the former being M. esculenta and the latter M. palmata, but this is incorrect since the toxicity varies according to location. Cassava is the staple food in many tropical countries. It is not traded internationally in its fresh state because tubers deteriorate very rapidly.","","071410","071410","01520.01"
"128","Cassava dried","Includes peeled, sliced and sun-dried (cassava chips), as well as ground and compressed cassava (pellets). Used mainly as livestock feed.","","071410","071410","01520.02"
"866","Cattle","Common ox (Bos taurus); zebu, humped ox (Bos indicus); Asiatic ox (subgenus Bibos); Tibetan yak (Poephagus grunniens). Animals of the genus listed, regardless of age, sex, or purpose raised. Data are expressed in number of heads.","","010210, 010290","010221, 010229","02111"
"393","Cauliflowers and broccoli","Brassica oleracea var. botrytis, subvariety cauliflora and cymosa. Includes headed broccoli.","","070410","070410","01213"
"113","Cereal preparations, nes","Cereal grains, excluding barley and oats, that are either rolled, flaked, pearled, sliced or kibbled.","","110419, 110423, 110429","110419, 110423, 110429","23140.08"
"41","Cereals, breakfast","Foods prepared by swelling and roasting cereals or cereal products, e.g. corn flakes, puffed rice; cereals o/t maize, in grain form, precooked or otherwise prepared.","","190410, 190420, 190490","190410, 190420, 190490","23140.03"
"907","Cheese, processed","","","040630, 040690","040630, 040690","22251.04"
"984","Cheese, sheep milk","","","040610, 040620, 040630, 040640, 040690","040610, 040620, 040630, 040640, 040690","22253"
"901","Cheese, whole cow milk","Curd of milk that has been coagulated and separated from whey. May include some skimmed milk.","","040610, 040620, 040630, 040640, 040690","040610, 040620, 040630, 040640, 040690","22251.01"
"531","Cherries","Mazzard, sweet cherry (Prunus avium; Cerasus avium); hard-fleshed cherry (var. duracina); heart cherry (var. juliana).","","080920","080929","01344.02"
"530","Cherries, sour","Prunus cerasus; Cerasus acida.","","080920","080921","01344.01"
"220","Chestnut","Castanea spp.: C. vesca; C. vulgaris; C. sativa. Produced mainly in Europe and Asia.","","080240","080241, 080242","01373"
"191","Chick peas","Chickpea, Bengal gram, garbanzos (Cicer arietinum).","","071320","071320","01703"
"1057","Chickens","Fowl (Gallus domesticus); Guinea fowl (Numida meleagris. Domesticated birds only. Data are expressed in thousands.","","010511, 010519, 010594, 010599","010511, 010515, 010594, 010599","02151"
"689","Chillies and peppers, dry","Red and cayenne pepper, paprika, chillies (Capsicum frutescens; C. annuum); allspice, Jamaica pepper (Pimenta officinalis). Uncrushed or unground fresh pimentos are considered to be vegetables.","","090420","090421, 090422","01652"
"401","Chillies and peppers, green","Capsicum annuum; C. fructescens; Pimenta officinalis. Production data exclude crops cultivated explicitly as spices. In contrast, trade data include these crops, provided they are fresh, uncrushed and unground.","","070960","070960","01231"
"666","Chocolate products nes","Includes sweetened cocoa powder, chocolate and other food preparations containing cocoa, as well as sugar confectionery containing cocoa in any amount. Excludes white chocolate (see 168).","","180610, 180620, 180631, 180632, 180690","180610, 180620, 180631, 180632, 180690","F0666"
"517","Cider etc","Fermented beverages nes (e.g. cider, perry, mead), including alcoholic beverages (that are not distilled) made from cereals, roots and fruits, that are not included under other headings, e.g. beer from plantains and ginger.","","220600","220600","24230.03"
"828","Cigarettes","Includes cigarettes of tobacco substitutes.","","240220, 240290","240220, 240290","25020.01"
"829","Cigars, cheroots","Includes cigars, cheroots and cigarillos of tobacco substitutes.","","240210, 240290","240210, 240290","25020.02"
"693","Cinnamon (canella)","Ceylon cinnamon (Cinnamomum zeylanicum); Chinese, common cinnamon, cassia (C. cassia). The inner bark of young branches of certain trees of the Laurus family. Includes cinnamon- tree flowers, cinnamon fruit and cinnamon waste (chips), whether whole, crushed or ground.","","090611, 090619, 090620","090611, 090619, 090620","01655"
"698","Cloves","Eugenia caryophyllata; Caryophyllus aromaticus. The whole fruit of the clove tree, including the flowers picked before maturity and dried in the sun, and the stems of the clove flowers.","","090700","090710, 090720","01656"
"661","Cocoa, beans","Theobroma cacao. The seeds contained in the fruit of the cacao- tree, including whole or broken, raw or roasted.","","180100","180100","01640"
"664","Cocoa, butter","Obtained by hot-pressing either cocoa paste or the whole bean. Includes the fat and oil.","","180400","180400","23620"
"662","Cocoa, paste","Obtained by grinding roasted cocoa beans. Also called liquor. Not defatted.","","180310","180310","23610.01"
"665","Cocoa, powder & cake","Wholly or partly defatted paste (cake) and cake reduced to powder, without added sugar or other sweeteners.","","180320, 180500","180320, 180500","F0665"
"249","Coconuts","Cocos nucifera Husked coconut. In shell, covered by the endocarp, while exocarp (the smooth outer skin) and mesocarp (the fibrous covering) are removed. Immature nuts contain a milky juice that is consumed as a refreshing drink. Mature nuts are consumed as such, or processed for copra or desiccated coconut. The flesh, from which copra/oil is extracted, constitutes 40-70% of the weight of the husked coconut. The oil content is about 36% of the flesh.","","080119","080112, 080119","01460"
"250","Coconuts, desiccated","Dried, shredded flesh of coconut processed for human consumption. It retains most of the oil and proteins of the fresh nut and is mainly used in confectionery and baking.","","080111","080111","21429.07"
"1187","Cocoons, unreelable & waste","Include cocoons unsuitable for reeling and silk waste of all kinds. Not carded or combed.","","500300","500300","39211"
"659","Coffee, extracts","Essences and concentrates, including instant coffee, roasted chicory and other coffee substitutes, extracts and essences thereof.","","210111, 210112, 210130","210111, 210112, 210130","23912.02"
"656","Coffee, green","Coffea spp. (arabica, robusta, liberica). Raw coffee in all forms.","","090111","090111","01610"
"660","Coffee, husks and skins","","","090190","090190","39150.01"
"657","Coffee, roasted","With or without caffeine, and whether or not ground.","","090112, 090121, 090122","090112, 090121, 090122","23911"
"658","Coffee, substitutes containing coffee","Coffee substitutes containing coffee in any proportion.","","090190","090190","23912.01"
"251","Copra","The dried flesh of coconut from which the oil is extracted.","","120300","120300","01492"
"767","Cotton lint","Gossypium spp. Fibres from ginning seed cotton that have not been carded or combed. Trade data also include fibres that have been cleaned, bleached, dyed or rendered absorbent.","","520100","520100","01921.02"
"770","Cotton linter","Very short fibres that cover the seeds after ginning and that are very high in cellulose.","","140420","140420","21800"
"769","Cotton waste","Waste is produced when cotton is prepared for spinning, or during spinning operations, weaving, knitting, etc., or from garnetting cotton goods.","","520210, 520291, 520299","520210, 520291, 520299","F0769"
"768","Cotton, carded, combed","Cotton (including garnetted stock and other cotton waste) which has been carded or combed, whether or not further prepared for spinning. May be bleached or dyed.","","520300","520300","26160"
"329","Cottonseed","Used for extracting oil.","","120720","120721, 120729","0143"
"554","Cranberries","American cranberry (Vaccinium macrocarpon); European cranberry (V. oxycoccus). Trade data may include blueberries, myrtle berries and other fruits of the genus Vaccinium.","","081040","081040","01355.02"
"885","Cream fresh","That portion of milk which is rich in milk fat and is separated by skimming or centrifuging.","","040120, 040130","040120, 040140, 040150","22120"
"1293","Crude materials","Trade data are expressed in value terms only. Including, of vegetable origin: bulbs, tubers, tuberous roots, corms, crowns and rhizomes; live plants, cuttings and slips; mushroom spawn; cut flowers and flower buds; foliage, branches and grasses, mosses and lichens; plants and parts used primarily in perfumes, pharmaceuticals, insecticides, fungicides, or for similar purposes; seaweeds and other algae; vegetable saps and extracts; materials used for plaiting, stuffing or padding; materials used primarily in brooms or brushes; and materials used primarily in dyeing and tanning. Includes of animal origin: human hair, unworked and waste; pigs bristles and hair; badger hair and other brush- making hair and waste; guts, bladders and stomachs of animals (o/t fish); skins and other parts of birds with their feathers or down; bones and horn-cores, unworked, defatted, simply prepared; powder and waste; ivory, tortoiseshell, whalebone, claws and beaks; coral and shells of molluscs and crustaceans; sponges of animal origin, ambergris, castoreum, civet and musk; cantharides, bile glands and other animal products used in pharmaceuticals.","","050100, 050210, 050290, 050400, 050510, 050590, 050610, 050690, 050710, 050790, 050800, 051000, 051110, 051191, 051199, 060110, 060120, 060210, 060220, 060230, 060240, 060290, 060311, 060312, 060313, 060314, 060319, 060390, 060410, 060491, 060499, 121120, 121130, 121140, 121190, 121220, 130211, 130212, 130213, 130219, 130220, 130231, 130232, 130239, 140110, 140490","050100, 050210, 050290, 050400, 050510, 050590, 050610, 050690, 050710, 050790, 050800, 051000, 051110, 051191, 051199, 060110, 060120, 060210, 060220, 060230, 060240, 060290, 060311, 060312, 060313, 060314, 060315, 060319, 060390, 060420, 060490, 121120, 121130, 121140, 121190, 121221, 121229, 130211, 130212, 130213, 130219, 130220, 130231, 130232, 130239, 140110, 140490","F1293"
"397","Cucumbers and gherkins","Cucumis sativus.","","070700","070700","01232"
"550","Currants","Black (Ribes nigrum); red and white (R. rubrum). Trade data may sometimes include gooseberries.","","081090","081030","01351.01"
"577","Dates","Phoenix dactylifera. Includes fresh and dried fruit.","","080410","080410","01314"
"654","Dregs from brewing, distillation","","","","","39160"
"1068","Ducks","Anas spp.. See 1057.","","010519, 010599","010513, 010599","02154"
"399","Eggplants (aubergines)","Solanum melongena. Also called aubergines.","","070930","070930","01233"
"1064","Eggs, dried","Whole eggs and egg yolks, dried or powdered.","","040811, 040891","040811, 040891","23993.03"
"1062","Eggs, hen, in shell","Weight in shell.","","040700","040711, 040721, 040790","0231"
"1063","Eggs, liquid","Whole eggs, not in the shell, and egg yolks in liquid form that are frozen or otherwise preserved.","","040819, 040899","040819, 040899","23993.02"
"1091","Eggs, other bird, in shell","Weight in shell.","","040700","040719, 040729, 040790","0232"
"1129","Fat, camels","Unrendered slaughter fats.","","150600","150600","21519.02"
"869","Fat, cattle","Unrendered slaughter fats from bovine animals, including edible and inedible fats that are removed in the course of dressing the carcass.","","150200","150290","21512"
"1060","Fat, liver prepared (foie gras)","Fatty livers of ducks and geese when cooked, prepared or preserved(e.g. pat‚).","","160220","160220","21189.02"
"1243","Fat, nes, prepared","Cooking fats prepared from both vegetable and animal oils and fats. Usually containing 100% fat.","","151610, 151620, 151790","151610, 151620, 151790","F1243"
"1037","Fat, pigs","Unrendered slaughter fats of pigs. See 869.","","020900","020910","21511.01"
"1276","Fatty acids","Manufactured by the saponification or hydrolysis of natural fats or oils. Including acid oils from refining.","","382311, 382312, 382313, 382319","382311, 382312, 382313, 382319","34120"
"1277","Fatty substance residues","Residues resulting from the treatment of fatty substances or animal or vegetable waxes.","","152200","152200","21932.02"
"846","Feed and meal, gluten","Generally, by-products of the wet milling of maize. Gluten feed consists of fibres, spent germ and steep liquor. Gluten meal contains endosperm protein fractions that remain following starch recovery.","","230310","230310","39130.04"
"855","Feed minerals","See 851.","","230990","230990","23319.11"
"850","Feed supplements","Prepared animal feed that supplements the basic farm produced feed with organic or inorganic substances.","","230990","230990","23319.06"
"845","Feed, compound, nes","See 840. See general note in the introduction.","","230990","230990","23319.04"
"628","Feed, pulp of fruit","Waste of fruit, fruit pomace and marc, excluding marc of grapes.","","230800","230800","39120.15"
"652","Feed, vegetable products nes","Vegetable products, vegetable waste, residues and by-products from the industrial processing of vegetable materials.","","230800","230800","39120.91"
"569","Figs","Ficus carica.","","080420","080420","01315"
"570","Figs dried","See 527.","","080420","080420","21419.02"
"773","Flax fibre and tow","Broken, scutched, hackled etc. but not spun. Traditionally, FAO has used this commodity to identify production in its raw state; in reality, the primary agricultural product is the commodity 771, which can either be used for the production of fibre or for other purposes.","","530121, 530129","530121, 530129","26190.01"
"771","Flax fibre raw","Linum usitatissimum Flax Straw. Flax is cultivated for seed as well as for fibre. The fibre is obtained from the stem of the plant. Data are reported in terms of straw.","","530110","530110","01929.01"
"774","Flax tow waste","Includes yarn waste and garnetted stock.","","530130","530130","26190.02"
"111","Flour, cereals","Broadly defined to include meal, groats and pellets.","","110290, 110319, 110320","110290, 110319, 110320","23120.90"
"95","Flour, fonio","Broadly defined to include meal, groats and pellets.","","110290, 110319, 110320","110290, 110319, 110320","23120.08"
"58","Flour, maize","Broadly defined to include meal, groats and pellets.","","110220, 110313, 110320","110220, 110313, 110320","23120.03"
"104","Flour, mixed grain","Broadly defined to include meal, groats and pellets.","","110290, 110319, 110320","110290, 110319, 110320","23120.10"
"295","Flour, mustard","Includes flour, meal and prepared mustard.","","210330","210330","23995.03"
"117","Flour, potatoes","Produced from tubers that have been peeled, dried and milled. Includes flour, meal, flakes, granules and pellets.","","110510, 110520","110510, 110520","21392"
"212","Flour, pulses","Produced through milling or grinding of pulses. This heading also includes meal.","","110610","110610","23170.03"
"150","Flour, roots and tubers nes","Flour and meal produced from roots and tubers o/t potatoes and cassava.","","110620","110620","23170.02"
"16","Flour, wheat","Defined broadly to include meal, groats and pellets. Strong flours from hard wheat are used for bread, while durum wheat flour is used primarily for pasta. Weaker flours from soft wheat are mainly used in cakes, pastries, biscuits and certain noodles.","","110100, 110311, 110320","110100, 110311, 110320","23110"
"94","Fonio","Digitaria spp.: fonio or findi (D. exilis); black fonio or hungry rice (D. iburua). A minor cereal of importance only in West Africa where it is eaten in place of rice during famines. The seeds are cooked by steaming the whole grain.","","100890","100840","01193"
"1232","Food prep nes","Including both crop and livestock products. Inter alia: homogenized composite food preparations; soups and broths; ketchup and other sauces; mixed condiments and seasonings; vinegar and substitutes; yeast and baking powders; stuffed pasta, whether or not cooked; couscous; and protein concentrates. Including turtle eggs and birds' nests.","","041000, 190220, 190230, 190240, 210210, 210220, 210230, 210320, 210390, 210410, 210420, 210610, 210690, 220900","041000, 190220, 190230, 190240, 210210, 210220, 210230, 210320, 210390, 210410, 210420, 210610, 210690, 220900","F1232"
"115","Food preparations, flour, malt extract","Food preparations of flour, meal, starch or malt extracts, that either do not contain, or contain less than 50%, cocoa powder. Also, food preparations of milk that either do not contain, or contain less than 10%, cocoa powder.","","190190","190190","23999.02"
"653","Food wastes","Sweetened forage and preparations of a kind used for animal feed, e.g. wine lees, argol.","","230700, 230990","230700, 230990","39170.01"
"640","Forage and silage, clover","Trifolium spp.. Various species grown for pasture, green fodder or silage.","","121490","121490","01919.03"
"639","Forage and silage, grasses nes","Including inter alia: bent, redtop, fiorin grass (Agrostis spp.); bluegrass (Poa spp.); Columbus grass (Sorghum almum); fescue (Festuca spp.); Napier, elephant grass (Pennisetum purpureum); orchard grass (Dactylis glomerata); Rhodes grass (Chloris gayana); Sudan grass (Sorghum vulgare var. sudanense); Timothy grass (Phleum pratense). Includes species used for cereal production, if cut green for fodder.","","121490","121490","01919.91"
"643","Forage and silage, legumes","Including inter alia: birdsfoot, trefoil (Lotus corniculatus); lespedeza (Lespedeza spp.); kudzu (Pueraria lobata); sesbania (Sesbania spp.); sainfoin, esparcette (Onobrychis sativa); sulla (Hedysarum coronarium). Includes species of pulses, if harvested for fodder.","","121490","121490","01919.92"
"651","Forage products","Plants specifically grown for animal feed.","","121490","121490","01919.96"
"166","Fructose and syrup, other","Monosaccharide found in fruits and honey, commercially produced from glucose, sucrose or by hydrolysis of inulin (polysaccharide found mainly in the tubers of the dahlia and the Jerusalem artichoke). Especially suitable for use by diabetics.","","170260","170260","23210.03"
"626","Fruit, cooked, homogenized preparations","Cooked fruit preparations, homogenized for dietetic and infant foods.","","200710","200710","23991.03"
"620","Fruit, dried nes","Dried fruit other than apricots, dates, citrus, figs, grapes, nuts and plums.","","081330, 081340, 081350","081330, 081340, 081350","21419.99"
"619","Fruit, fresh nes","Including inter alia: azarole (Crataegus azarolus); babaco (Carica pentagona); elderberry (Sambucus nigra); jujube (Zizyphus jujuba); litchi (nephelium litchi); loquat (Eriobotrya japonica); medlar (Mespilus germanica); pawpaw (Asimina triloba); pomegranate (Punica granatum); prickly pear (Opuntia ficus-indica); rose hips (Rosa spp.); rowanberry (Sorbus aucuparia); service-apple (Sorbus domestica); tamarind (Tamarindus indica); tree-strawberry (Arbutus unedo). Other fresh fruit that are not identified separately because of their minor relevance at the international level. Because of their limited local importance, some countries report fresh fruit under this heading that are classified separately by FAO.","","081090","081090","01359.90"
"623","Fruit, prepared nes","Fruit, nuts and peel, including frozen, prepared or preserved, jam, paste, marmalade, pur‚e and cooked fruits, other than those listed separately.","","081110, 081120, 081190, 081210, 081290, 081400, 200190, 200791, 200799, 200830, 200840, 200850, 200860, 200870, 200880, 200891, 200892, 200899","081110, 081120, 081190, 081210, 081290, 081400, 200190, 200791, 200799, 200830, 200840, 200850, 200860, 200870, 200880, 200891, 200893, 200897, 200899","F0623"
"603","Fruit, tropical fresh nes","Including inter alia: breadfruit (Artocarpus incisa); carambola (Averrhoa carambola); cherimoya, custard apple (Annona spp.); durian (Durio zibethinus); feijoa (Feijoa sellowiana); guava (Psidium guajava); hog plum, mombin (Spondias spp.); jackfruit (Artocarpus integrifolia); longan (nephelium longan); mammee (Mammea americana); mangosteen (Garcinia mangostana); naranjillo (Solanum quitoense); passion fruit (Passiflora edulis); rambutan (nephelium lappaceum); sapote, mamey colorado (Calocarpum mammosum); sapodilla (Achras sapota); star apple, cainito (Chrysophyllum spp.). Other tropical fresh fruit that are not identified separately because of their minor relevance at the international level. In some countries mangoes, avocados, pineapples, dates and papayas are reported under this general category.","","080450, 081060, 081090","080450, 081060, 081090","01319"
"406","Garlic","Allium sativum.","","070320","070320","01252"
"57","Germ, maize","The seed embryo that is separated during processing and is valued mainly for its oil.","","110430","110430","23140.06"
"953","Ghee, of buffalo milk","","","040590","040590","22242.02"
"720","Ginger","Zingiber officinale. Rhizome of a perennial herb. It also is used for making beverages. Includes fresh, provisionally preserved or dried, whereas ginger preserved in sugar or syrup is excluded.","","091010","091011, 091012","01657"
"172","Glucose and dextrose","Glucose is a monosaccharide produced by hydrolysing starch with acids and/or enzymes. Dextrose is chemically pure glucose. Used in the food industry, in brewing, in tobacco fermentation and in pharmaceutical products.","","170230, 170240","170230, 170240","23210.05"
"1016","Goats","Capra spp.. See 866. Includes Hircus, Ibex, Nubiana, Pyrenaica, Tibetana, Kashmir and Angora.","","010420","010420","02123"
"549","Gooseberries","Ribes grossularia. Trade data may sometimes include black, white or red currants.","","081090","081030","01351.02"
"103","Grain, mixed","A mixture of cereal species that are sown and harvested together. The mixture wheat/rye is known as meslin, but in trade is usually classified with wheat.","","100890","100890","01199.02"
"507","Grapefruit (inc. pomelos)","Citrus maxima; C. grandis; C. paradisi.","","080540","080540","01321"
"560","Grapes","Vitis vinifera. Includes both table and wine grapes.","","080610","080610","01330"
"994","Grease incl. lanolin wool","Extracted from the soapy water in which wool has been scoured, or from greasy wool by meand of solvents. Lanolin is obtained by purifying wool grease. Includes wool grease olein and stearin.","","150500","150500","F0994"
"243","Groundnuts, shelled","Used as direct food and for extracting oil.","","120220","120242","21421"
"1218","Hair, fine","Fine animal hair, mainly from alpaca, llama, vicu¤a, camel and angora rabbit. Excludes carded or combed hair.","","510219","510219","02943.02"
"1031","Hair, goat, coarse","Common goat hair. Not carded or combed hair.","","510220","510220","02942.02"
"858","Hay (clover, lucerne,etc)","Hay from leguminous crops.","","121490","121490","01919.10"
"859","Hay (unspecified)","Hay from unspecified plants.","","121490","121490","01919.11"
"233","Hazelnuts, shelled","Around 50% of the weight in shell.","","080222","080222","21423"
"1213","Hides and skins nes, fresh","See 919. Both adult and young animals. Includes, among others, chamois, antelope, crocodile and snake.","","410320, 410390","410320, 410390","02959.91"
"959","Hides, buffalo, dry salted","See 921.","","410120, 410150, 410190","410120, 410150, 410190","02951.09"
"957","Hides, buffalo, fresh","See 919. Both adult and young animals.","","410120, 410150, 410190","410120, 410150, 410190","02951.03"
"958","Hides, buffalo, wet salted","See 920.","","410120, 410150, 410190","410120, 410150, 410190","02951.08"
"1136","Hides, camel, nes","See 922.","","410390","410390","02959.08"
"1134","Hides, camel, wet salted","See 920.","","410390","410390","02959.06"
"919","Hides, cattle, fresh","Green hide or skin as removed from the carcass of the animal (adult bovine). Used for production data only.","","410120, 410150, 410190","410120, 410150, 410190","02951.01"
"920","Hides, cattle, wet salted","Approximately 80-85% of green weight.","","410120, 410150, 410190","410120, 410150, 410190","02951.04"
"1104","Hides, horse, dry salted","See 921. Includes hides of asses and mules.","","410120, 410150, 410190","410120, 410150, 410190","02952.05"
"1216","Hides, nes","See 922.","","410320, 410390","410320, 410390","02959.99"
"1182","Honey, natural","Honey produced by bees (Apis mellifera) or by other insects.","","040900","040900","02910"
"677","Hops","Humulus lupulus. Hop cones, fresh or dried, whether or not ground, powdered or in the form of pellets. Includes lupuline, a yellow resinous powder that covers the hop cones. Mainly used in the brewing industry to give flavour to beer.","","121010, 121020","121010, 121020","01659"
"1096","Horses","Equus caballus. See 866.","","010110, 010190","010121, 010129","02131"
"910","Ice cream and edible ice","A product with a milk or cream base to which sweeteners, eggs, etc. have been added.","","210500","210500","22270"
"109","Infant food","Preparations for infant consumption, usually containing some non-cereal ingredients.","","190110","190110","23991.01"
"514","Juice, citrus, concentrated","See 492.","","200939","200939","21439.05"
"513","Juice, citrus, single strength","See 491.","","200931","200931","21439.04"
"622","Juice, fruit nes","See 491.","","200980, 200990","200981, 200989, 200990","21439.9"
"562","Juice, grape","See 491. Includes unfermented grape must.","","200961, 200969","200961, 200969","21434"
"509","Juice, grapefruit","See 491.","","200921","200921","21432"
"510","Juice, grapefruit, concentrated","See 492.","","200929","200929","21432.01"
"499","Juice, lemon, concentrated","See 492.","","200939","200939","21439.03"
"492","Juice, orange, concentrated","Juice that is obtained by a concentration process in which the water is physically removed from the juice until it has not less than 20% of solids by weight. It is then reconstituted with water before consumption. Unfermented, it may or may not be frozen.","","200911, 200919","200911, 200919","21431.02"
"491","Juice, orange, single strength","Juice is obtained by mechanical extractors, or by pressing, and is then submitted to various processes. Unfermented, it may or may not be frozen. For direct consumption.","","200911, 200912","200911, 200912","21431.01"
"576","Juice, pineapple","See 491.","","200941","200941","21433"
"580","Juice, pineapple, concentrated","See 492. Soluble fruit solids of not less than 27% by weight.","","200949","200949","21433.01"
"539","Juice, plum, concentrated","See 492.","","200980","200989","21439.07"
"538","Juice, plum, single strength","See 491.","","200980","200989","21439.06"
"390","Juice, tomato","Juice is obtained by treating tomatoes with cold or hot water or with steam. The juice then undergoes various processes, such as clarification, homogenization, sterilization, etc.","","200950","200950","21321"
"780","Jute","White jute (Corchorus capsularis); red jute, tossa (C. olitorius). Trade data cover raw or processed jute (but not spun), tow and waste, yarn waste and garnetted stock and may include jute-like fibres.","","530310, 530390","530310, 530390","01922.01"
"778","Kapok fibre","Ceiba pentandra. This plant is cultivated for seed as well as for fibre. Trade data cover only fibres that have been crushed, carded or combed for spinning.","","530500","530500","01929.03"
"311","Kapokseed in shell","The soft shell is approximately 40-50% of the total weight of the nut.","","120799","120799","01499.06"
"312","Kapokseed shelled","Used for extracting oil.","","120799","120799","01499.07"
"592","Kiwi fruit","Actinidia chinensis.","","081050","081050","01352"
"224","Kola nuts","Kola, cola, Sudan cola nut (Cola nitida; C. vera; C. acuminata). Produced mainly in Africa. Kola nuts, containing 2.4 to 2.6% caffeine, are commonly chewed by the local population. Much used in Europe and America in the production of beverages.","","080290","080270","01379.02"
"173","Lactose","Also known as milk sugar. Produced commercially from whey.","","170211, 170219","170211, 170219","23210.06"
"1043","Lard","Rendered pig fat.","","150100","150110, 150120","21521"
"407","Leeks, other alliaceous vegetables","Leeks (Allium porrum); chives (A. schoenoprasum); other alliac. (Allium varieties except those of 402, 403 and 406).","","070390","070390","01254"
"497","Lemons and limes","Lemon (Citrus limon); sour lime (C. aurantifolia); sweet lime (C. limetta).","","080550","080550","01322"
"201","Lentils","Lens esculenta; Ervum lens.","","071340","071340","01704"
"372","Lettuce and chicory","Lactuca sativa; witloof chicory (Cichorium intybus var. foliosum); endive (C. endivia var. crispa); escarole chicory (C. endivia var. latifolia).","","070511, 070519, 070521, 070529","070511, 070519, 070521, 070529","01214"
"333","Linseed","Linum usitatissimum Flaxseed. An annual herbaceous that is cultivated for its fibre as well as its oil.","","120400","120400","01441"
"18","Macaroni","Pasta made from semolina, or flour, that is mixed with water and kneaded into a dough. Other ingredients may be included as well. The dough is then shaped into various forms. This heading is limited to macaroni that is not cooked, stuffed or otherwise prepared.","","190211, 190219","190211, 190219","23710"
"56","Maize","Zea mays Corn, Indian corn, mealies. A grain with a high germ content. At the national level, hybrid and ordinary maize should be reported separately owing to widely different yields and uses. Used largely for animal feed and commercial starch production.","","100510, 100590","100510, 100590","0112"
"446","Maize, green","Zea mays, particularly var. saccharata. Maize harvested green for food. Saccharata variety is commonly known as sweet corn.","","070990","070999","01290.01"
"49","Malt","A grain - usually barley - that has been germinated through a soaking process and then dried. Malt is used in brewing and distilling, and as a nutrient additive. Includes whole, ground, flour, and roasted malt, but excludes extracts and preparations.","","110710, 110720","110710, 110720","24320"
"571","Mangoes, mangosteens, guavas","Mangifera indica. Trade figures may include dried mangoes, guavas and mangosteens, including both fresh and dried.","","080450","080450","01316"
"809","Manila fibre (abaca)","Musa textilis. The fibre is obtained from stalks of certain banana trees. For trade coverage see 789.","","530500","530500","01929.07"
"160","Maple sugar and syrups","Maple syrup is produced by atmospheric boiling of maple sap in an open-pan evaporator. Continuing the evaporation process until the syrup crystalizes yields maple sugar.","","170220","170220","23530"
"1241","Margarine, liquid","See commodity code 1242. Fat content varies from 30 to 70%.","","151790","151790","21700.01"
"1242","Margarine, short","Margarine is made principally from one or more hydrogenated vegetable or animal fats or oils in which is dispersed an aqueous potion containing milk products, salt, flavouring agents and other additives. Shortening is a product similar to margarine, but with a higher animal fat content. Shortening and compound fats are used primarily for baking and frying. The fat content of margarine and shortening varies from 70 to 90%.","","151710, 151790","151710, 151790","21700.02"
"671","Maté","Ilex paraguayensis. The dried leaves of certain shrubs of the holly family which grow in South America. Prepared in a way similar to tea.","","090300","090300","01630"
"1173","Meal, meat","Flours, meals and pellets of meat and offal (including of marine mammals); greaves and tankage. Used for feed.","","230110","230110","21190.01"
"1108","Meat, ass","Fresh, chilled or frozen.","","020500","020500","21118.02"
"874","Meat, beef and veal sausages","Preparations of meat or offal, whether chopped, minced or of blood. They may be raw, cooked or smoked and contain other ingredients, andare then enclosed in natural or artificial casings.","","160100","160100","21184.01"
"875","Meat, beef, preparations","Meat and offal (o/t liver) that are boiled, steamed, grilled, fried,roasted or otherwise cooked. Includes prepared meals that contain morethan 20% of meat and offal by weight.","","160250","160250","F0875"
"867","Meat, cattle","Meat of bovine animals, fresh, chilled or frozen, with bone in. Commontrade names are beef and veal.","","020110, 020120, 020210, 020220","020110, 020120, 020210, 020220","21111.01"
"870","Meat, cattle, boneless (beef & veal)","Boneless meat of bovine animals, whether fresh, chilled or frozen.","","020130, 020230","020130, 020230","21111.02"
"1058","Meat, chicken","Fresh, chilled or frozen. May include all types of poultry meat ifnational statistics do not report separate data.","","020711, 020712, 020713, 020714, 020732, 020733, 020735, 020736","020711, 020712, 020713, 020714, 020760","21121"
"1061","Meat, chicken, canned","Includes meat and offals of poultry.","","160231, 160232, 160239","160231, 160232, 160239","F1061"
"1164","Meat, dried nes","Meat, except of bovines and pigs, salted, in brine or smoked.","","021091, 021092, 021093, 021099","021091, 021092, 021093, 021099","21183"
"1069","Meat, duck","Fresh, chilled or frozen.","","020732, 020733, 020735, 020736","020741, 020742, 020744, 020745","21122"
"1163","Meat, game","Meat and offals of wild animals, whether fresh, chilled or frozen.","","020890","020890","21170.02"
"1017","Meat, goat","Meat of goats and kids, whether fresh, chilled or frozen, with bone inor boneless.","","020450","020450","21116"
"1073","Meat, goose and guinea fowl","Fresh, chilled or frozen.","","020732, 020733, 020735, 020736","020751, 020752, 020754, 020755","21123"
"1097","Meat, horse","Fresh, chilled or frozen.","","020500","020500","21118.01"
"1166","Meat, nes","Including frog legs, marine mammals, etc. Some countries includeunder this heading meats that are listed above, but which are notreported separately. Fresh, chilled or frozen.","","020830, 020840, 020850, 020890","020830, 020840, 020850, 020890","21119.90"
"1035","Meat, pig","Meat, with the bone in, of domestic or wild pigs (e.g. wild boars),whether fresh, chilled or frozen.","","020311, 020312, 020319, 020321, 020322, 020329","020311, 020312, 020319, 020321, 020322, 020329","21113.01"
"1041","Meat, pig sausages","See 874.","","160100","160100","21184.02"
"1042","Meat, pig, preparations","See 875.","","160241, 160242, 160249","160241, 160242, 160249","F1042"
"1038","Meat, pork","Pig meat, excluding butcher fat and bones.","","020319, 020329","020319, 020329","21113.02"
"1141","Meat, rabbit","Fresh, chilled or frozen. May include hare meat.","","020810","020810","21114"
"977","Meat, sheep","Meat of sheep and lamb, whether fresh, chilled or frozen, with bone inor boneless.","","020410, 020421, 020422, 020423, 020430, 020441, 020442, 020443","020410, 020421, 020422, 020423, 020430, 020441, 020442, 020443","21115"
"1080","Meat, turkey","Fresh, chilled or frozen.","","020724, 020725, 020726, 020727","020724, 020725, 020726, 020727","21124"
"568","Melons, other (inc.cantaloupes)","Cucumis melo;.","","080719","080719","01229"
"909","Milk, products of natural constituents nes","","","040490","040490","22290"
"908","Milk, reconstituted","Obtained by adding water, fat, etc. to milk powder.","","040110, 040120","040110, 040120","22110.03"
"888","Milk, skimmed cow","Milk from which most of the fat has been removed.","","040110, 040120","040110, 040120","22110.02"
"898","Milk, skimmed dried","Same as 897, but from skim milk. Normally does not exceed 1.5% fat content.","","040210","040210","22212"
"889","Milk, whole condensed","Milk and cream from which water has been partly removed after heat-treating and concentrating. Normally sucrose is added to give the product stability and bacteriological safety.","","040299","040299","22222.01"
"897","Milk, whole dried","Milk and cream from which water has been completely removed by various methods. In form of powder, granules or other solid forms. May contain added sugar or other sweeteners.","","040221, 040229","040221, 040229","22211"
"894","Milk, whole evaporated","Milk and cream from which the water has been partly removed and which has been heat- treated to render it bacteriologically safe and stable.","","040291","040291","22221.01"
"882","Milk, whole fresh cow","Production data refer to raw milk containing all its constituents. Trade data normally cover milk from any animal, and refer to milk that is not concentrated, pasteurized, sterilized or other-wise preserved, homogenized or peptonized.","","040120, 040130","040120, 040140, 040150","02211"
"982","Milk, whole fresh sheep","See 882 and derived products.","","040120, 040130","040120, 040140, 040150","02291"
"79","Millet","Including inter alia: barnyard or Japanese millet (Echinocloa frumentacea); ragi, finger or African millet (Eleusine coracana); teff (Eragrostis abyssinica); common, golden or proso millet (Panicum miliaceum); koda or ditch millet (Paspalum scrobiculatum); pearl or cattail millet (Pennisetum glaucum); foxtail millet (Setaria italica). Small-grained cereals that include a large number of different botanical species. Originated by the domestication of wild African grasses in the Nile valley and the Sahel zone, millets were subsequently taken to China and India. These cereals tolerate arid conditions and possess a small, highly nutritious grain that stores well. Used locally, both as a food and as a livestock feed. In all areas where they are cultivated, millets are used in traditional beer brewing. Also used as a feed for birds.","","100820","100821, 100829","0118"
"114","Mixes and doughs","Used in the preparation of bakers' wares.","","190120","190120","23180"
"165","Molasses","A by-product of the extraction or refining of beet or cane sugar or of the production of fructose from maize. Used for feed, food, industrial alcohol, alcoholic beverages and ethanol.","","170310, 170390","170310, 170390","23540"
"1110","Mules","Includes hinnies. Mules are offspring of a male ass and a female horse (mare); a hinny is the offspring of a female ass and a male horse (stallion). Both are sterile. See 866.","","010190","010190","02133"
"449","Mushrooms and truffles","Including inter alia: Boletus edulis; Agaricus campestris; Morchella spp. and Tuber magnatum. Cultivated or spontaneous. Includes truffles.","","070951, 070959","070951, 070959","01270"
"451","Mushrooms, canned","Mushrooms and truffles, prepared or preserved o/t by vinegar or acetic acid; either whole, in pieces, or homogenized.","","200310, 200320, 200390","200310, 200390","21397.01"
"292","Mustard seed","White mustard (Brassica alba; B. hirta; Sinapis alba); black mustard (Brassica nigra; Sinapis nigra). In addition to the oil extracted from them, white mustard seeds, may be processed into flour for food use. Black mustard seeds also yield oil and are processed into flour that is used mainly in pharmaceutical products.","","120750","120750","01442"
"702","Nutmeg, mace and cardamoms","Nutmeg, mace (Myristica fragrans); cluster cardamon (Elettaria cardamomum); other cardamons (Aframomum angustifolium; A. hambury; Amomun aromaticum; A. cardamomum); Malaguetta pepper, grains of paradise (Aframomum melegueta). Nutmeg is the inner brown kernel of the fruit of the nutmeg tree. Mace is the net-like membrane between the outer shell and the kernel. Cardamon seeds are enclosed in the capsule produced by perennial herbs of the Zingiberaceae family.","","090810, 090820, 090830","090811, 090812, 090821, 090822, 090831, 090832","01653"
"234","Nuts, nes","Including inter alia: pecan nut (Carya illinoensis); butter or swarri nut (Caryocar nuciferum); pili nut, Java almond, Chinese olives (Canarium spp.); paradise or sapucaia nut (Lecythis zabucajo); Queensland, macadamia nut (Macadamia ternifolia); pignolia nut (Pinus pinea). Other nuts that are not identified separately because of their minor relevance at the international level. Because of their limited local importance, some countries report nuts under this heading that are classified individually by FAO.","","080260, 080290","080261, 080262, 080290","01379.90"
"235","Nuts, prepared (exc. groundnuts)","Mainly roasted, whether or not containing vegetable oils, salt, flavours, spices or other additives. Excludes prepared groundnuts, except when mixed with other nuts.","","081190, 081290, 200190, 200799, 200819","081190, 081290, 200190, 200799, 200819","F0235"
"75","Oats","Avena spp., mainly Avena sativa. A plant with open, spreading panicle-bearing large spikelets. Used primarily in breakfast foods. Makes excellent fodder for horses.","","100400","100410, 100490","0117"
"76","Oats rolled","Obtained by crushing or rolling the whole or broken grain; includes grains flaked, hulled or otherwise worked for human consumption.","","110412, 110422","110412, 110422","23140.07"
"868","Offals, edible, cattle","Fresh, chilled or frozen.","","020610, 020621, 020622, 020629, 050400","020610, 020621, 020622, 020629, 050400","21151"
"1018","Offals, edible, goats","Fresh, chilled or frozen.","","020680, 020690, 050400","020680, 020690, 050400","21156"
"1059","Offals, liver chicken","Fresh, chilled or frozen.","","020713, 020714, 020732, 020733, 020735, 020736","020713, 020714, 020760","21160.01"
"1075","Offals, liver duck","Fresh, chilled or frozen, salted or in brine.","","020734, 020735, 020736","020743, 020744, 020745","21160.03"
"1074","Offals, liver geese","Fresh, chilled or frozen, salted or in brine.","","020734, 020735, 020736","020753, 020754, 020755","21160.02"
"1159","Offals, other camelids","","","","",""
"1036","Offals, pigs, edible","Fresh, chilled or frozen.","","020630, 020641, 020649, 050400","020630, 020641, 020649, 050400","21153"
"978","Offals, sheep,edible","Fresh, chilled or frozen.","","020680, 020690, 050400","020680, 020690, 050400","21155"
"1274","Oil, boiled etc","Also includes oxidized and sulphurized oils. Animal and vegetable fats and oils whose chemical structure has been modified to improve viscosity, drying ability or other properties.","","151800","151800","34550"
"266","Oil, castor beans","Obtained by pressure or by solvent. Uses include mainly industrial ones, in pharmaceuticals and cosmetics.","","151530","151530","21691.04"
"737","Oil, citronella","Essential oil extracted from Cymbopogon nardus.","","330129","330129","35410.01"
"252","Oil, coconut (copra)","Obtained by pressure from copra and by solvent from the residues of pressure extraction. Has both food and industrial uses.","","151311, 151319","151311, 151319","2166"
"331","Oil, cottonseed","Obtained first by pressure extraction from the kernels of cotton seeds. The residue from this process is then exposed to a solvent. Used mainly as a food.","","151221, 151229","151221, 151229","2168"
"753","Oil, essential nes","Extracted from many plants and used mainly in the perfumery, food and other industries.","","330112, 330113, 330119, 330124, 330125, 330129, 330130, 330190","330112, 330113, 330119, 330124, 330125, 330129, 330130, 330190","35410.90"
"244","Oil, groundnut","Obtained by pressure or solvent extraction. Used mainly for food.","","150810, 150890","150810, 150890","2162"
"313","Oil, kapok","Obtained from shelled seeds by pressure. Used for food and soap.","","151590","151590","21691.11"
"334","Oil, linseed","Obtained by pressure extraction. Used mainly in non-food items.","","151511, 151519","151511, 151519","21691.12"
"60","Oil, maize","Extracted from germ by pressure or by solvents.","","151521, 151529","151521, 151529","21691.02"
"274","Oil, olive residues","Oil extracted from olive residues with solvents.","","151000","151000","21673"
"261","Oil, olive, virgin","Obtained from olives by mechanical or other physical means. Olive oil is the only vegetable oil that can be consumed without refining.","","150910","150910","2167"
"257","Oil, palm","Obtained from the mesocarp of the fruit of the oil palm by pressure, and also by solvent from the residues of the pressure extraction.","","151110, 151190","151110, 151190","2165"
"258","Oil, palm kernel","Obtained from the kernel of the nut of the fruits of the oil palm by pressure in two or three stages at different temperatures. Including oil of babassu kernels.","","151321, 151329","151321, 151329","21691.14"
"297","Oil, poppy","Obtained by pressure extraction. Has both food and industrial uses.","","151590","151590","21691.08"
"271","Oil, rapeseed","Obtained by pressure extraction for food use. Oil recovered with solvent from the residues of the pressure extraction is used for industrial purposes. Canola oil is produced from new varieties of rapeseed.","","151411, 151419, 151491, 151499","151411, 151419, 151491, 151499","21641.01"
"36","Oil, rice bran","Extracted from bran by pressure or, more frequently, by solvents.","","151590","151590","21691.01"
"281","Oil, safflower","Obtained either by pressure or by solvent. Has both food and industrial uses.","","151211, 151219","151211, 151219","21631.02"
"290","Oil, sesame","Obtained by pressure extraction in two or three stages at different temperatures. Sometimes the oil is also extracted by solvent from the residue of the pressure extraction. Used mainly for food.","","151550","151550","21691.07"
"237","Oil, soybean","Obtained by solvent extraction from the beans. Used mainly for food.","","150710, 150790","150710, 150790","2161"
"268","Oil, sunflower","Obtained by pressure extraction. Mainly for food use.","","151211, 151219","151211, 151219","21631.01"
"340","Oil, vegetable origin nes","Includes, inter alia, myrtle wax and Japan wax.","","150990, 151590","150990, 151590","21691.90"
"1168","Oils, fats of animal nes","Animal oils and fats obtained from other animal species and oils and fats recovered from guts, feet, sweepings, hide trimmings, etc.","","150600","150600","21529.03"
"339","Oilseeds nes","Includes inter alia: beech nut (Fagus sylvatica);(Aleurites moluccana);(Carapa guineensis);(Croton tiglium);(Bassia latifolia);(Guizotia abyssinica);(Licania rigida);(Perilla frutescens);(Jatropha curcas);(Shorea robusta);(Pongamia glabra);(Astrocaryum spp.). Other oilseeds, oleaginous fruits and nuts that are not identified separately because of their minor relevance at the international level. Because of their limited local importance, some countries report commodities under this heading that are classified individually by FAO. Also included under this code are tea seeds, grape pips and tomato seeds from which oil is extracted.","","120799","120799","01449.90"
"260","Olives","Olea europaea. Includes table olives and olives for oil.","","070990","070992","01450"
"262","Olives preserved","Treated with SO2, brine, water, or otherwise prepared or preserved.","","071120, 200190, 200490, 200570","071120, 200190, 200490, 200570","F0262"
"403","Onions, dry","Allium cepa. Includes onions at a mature stage, but not dehydrated onions.","","070310","070310","01253.02"
"402","Onions, shallots, green","Shallots (Allium ascalonicum); onions (A. cepa); welsh onions (A. fistulosum). Young onions pulled before the bulb has enlarged; used especially in salads. Includes onion sets.","","070310","070310","01253.01"
"490","Oranges","Common, sweet orange (Citrus sinensis); bitter orange (C. aurantium). Bitter oranges are used primarily in the preparation of marmalade.","","080510","080510","01323"
"600","Papayas","Carica papaya.","","080720","080720","01317"
"22","Pastry","All baked products excluding those listed under bread. Pastry products may contain ingredients other than wheat flour, such as milk, eggs, sugar, honey, starch, fats, fruit, seeds, etc.","","190520, 190531, 190532, 190540, 190590","190520, 190531, 190532, 190540, 190590","F0022"
"534","Peaches and nectarines","Prunus persica; Amygdalus persica; Persica laevis.","","080930","080930","01345"
"247","Peanut butter","Obtained by grinding roasted peanuts. In addition to fat, at 40-46%, peanut butter contains all other components of the nuts.","","200811","200811","21495.02"
"521","Pears","Pyrus communis.","","080820","080830","01342.01"
"187","Peas, dry","Garden pea (Pisum sativum); field pea (P. arvense).","","071310","071310","01705"
"417","Peas, green","Pisum sativum. Mostly for shelling, but including edible- podded peas or sugar peas.","","070810","070810","01242"
"687","Pepper (piper spp.)","Black, white pepper (Piper nigrum); long pepper (P. longum). Perennial climbing vines. Includes whole, crushed or ground berries. Black pepper is produced from partially ripe berries, while white pepper is from fully ripe berries which have had the outer hull removed.","","090411, 090412","090411, 090412","01651"
"748","Peppermint","Mentha spp.: M. piperita. Leaves and flowers are used in the perfumery, food and other industries.","","121190","121190","01930.01"
"587","Persimmons","Diospyros kaki: D. virginiana.","","081090","081070","01359.01"
"843","Pet food","International trade classifications cover only dog and cat food. FAO trade data also cover food for other pets (i.e. fish, birds, etc.), whenever possible.","","230910","230910","23311"
"1034","Pigs","Domestic pig (Sus domestica); wild boar (Sus scrofa). See 866. Excludes non-domesticated wild boars.","","010310, 010391, 010392","010310, 010391, 010392","02140"
"574","Pineapples","Ananas comosus; A. sativ. Trade figures may include dried pineapples.","","080430","080430","01318"
"575","Pineapples canned","Fruit pulp prepared in water, syrup, etc.","","200820","200820","21491"
"223","Pistachios","Pistacia vera. Produced mainly in the Near East and the United States.","","080250","080251, 080252","01375"
"489","Plantains","Musa paradisiaca. Generally known as a cooking banana. Data should be reported excluding the weight of the central stalk.","","080300","080310","01313"
"536","Plums and sloes","Greengage, mirabelle, damson (Prunus domestica); sloe (P. spinosa).","","080940","080940","01346"
"537","Plums dried (prunes)","See 527. Known as prunes.","","081320","081320","21412"
"68","Popcorn","Zea mays var. everta. A variety of maize that is eaten after the kernels have been heated and have ""popped"".","","100510, 100590","100510, 100590",""
"296","Poppy seed","Papaver somniferum. The source of opium, poppy seeds are also used in baking and confectionery.","","120791","120791","01448"
"120","Potato offals","The residue and waste from the preparation of potatoes.","","230800","230800","39130.03"
"116","Potatoes","Solanum tuberosum Irish potato. A seasonal crop grown in temperate zones all over the world, but primarily in the northern hemisphere.","","070110, 070190","070110, 070190","01510"
"118","Potatoes, frozen","Peeled potatoes that are either cooked or uncooked, sliced or unsliced, and then frozen.","","071010","071010","21313"
"394","Pumpkins, squash and gourds","Cucurbita spp. Includes marrows.","","070990","070993","01235"
"754","Pyrethrum, dried","Chrysanthemum cinerariifolium. Includes leaves, stems and flowers. For insecticides, fungicides and similar products.","","121190","121190","01930.02"
"755","Pyrethrum, extraction","Obtained from the flowers by extraction using an organic solvent.","","130219","130219","23999.04"
"523","Quinces","Cydonia oblonga; C. vulgaris; C. japonica.","","080820","080840","01342.02"
"1140","Rabbits and hares","Oryctolagus cuniculus. See 866. May include domesticated hares (Lepus spp.). Data are expressed in thousands.","","010619","010614","02191"
"561","Raisins","Dried grapes. Includes sultanas and currants.","","080620","080620","21411"
"270","Rapeseed","Brassica napus var. oleifera. Valued mainly for its oil. Older varieties are rich in Erucic acid, which is considered unhealthy.","","120510, 120590","120510, 120590","01443"
"30","Rice - total  (Rice milled equivalent)","","","","",""
"1150","Rodents, other","See 866. Includes only those used mainly for meat, e.g. Guinea pig. Rodents used mainly for fur skins are included in Code 1169. Data are expressed in thousands.","","010619","010619","02192.01"
"149","Roots and tubers, nes","Including inter alia: arracacha (Arracacoa xanthorrhiza); arrowroot (Maranta arundinacea); chufa (Cyperus esculentus); sago palm (Metroxylon spp.); oca and ullucu (Oxalis tuberosa and Ullucus tuberosus); yam bean, jicama (Pachyrxhizus erosus, P. angulatus); mashua (Tropaeolum tuberosum); Jerusalem artichoke, topinambur (Helianthus tuberosus). Other tubers, roots or rhizomes, fresh, that are not identified separately because of their minor relevance at the international level. Because of their limited local importance, some countries report roots and tubers under this commodity heading that are classified individually by FAO.","","071490","071490","01599.10"
"837","Rubber natural dry","In the form of sheets, crˆpes, re-agglomerated granules, free-flowing powders, etc.; includes technically specified natural rubber (TSNR).","","400121, 400122, 400129","400121, 400122, 400129","01950.02"
"836","Rubber, natural","Hevea brasiliensis Latex. The liquid secreted by the rubber tree. Includes stabilized or concentrated latex and prevulcanized rubber latex. In trade figures, liquid weight is converted to dry weight at 60%.","","400110","400110","01950.01"
"71","Rye","Secale cereale. A grain that is tolerant of poor soils, high latitudes and altitudes. Mainly used in making bread, whisky and beer. When fed to livestock, it is generally mixed with other grains.","","100200","100210, 100290","0116"
"289","Sesame seed","Sesamum indicum. Valued for its oil, but also as a food, either raw or roasted, as well as in bakery products and other food preparations.","","120740","120740","01444"
"976","Sheep","Ovis spp.. See 866. Includes Uriel, Argali, Bighorn, Karakul and Astrakhan.","","010410","010410","02122"
"1186","Silk raw","Obtained by reeling the filaments from cocoons. Not thrown.","","500200","500200","26110"
"1185","Silk-worm cocoons, reelable","Silkworm cocoons suitable for reeling. Foreign trade data are expressed in silk equivalent, which is 25% of their weight.","","500100","500100","02944"
"928","Skins, calve, wet salted","See 920.","","410120, 410150, 410190","410120, 410150, 410190","02951.06"
"1025","Skins, goat, fresh","See 919. Both adult and young animals.","","410390","410390","02954"
"1026","Skins, goat, wet salted","Includes kids. See 920.","","410390","410390","02954.01"
"997","Skins, sheep, dry salted","Sheep and lamb skins without wool. See 921.","","410229","410229","02953.04"
"995","Skins, sheep, fresh","See 919. Both adult and young animals.","","410210, 410229","410210, 410229","02953"
"996","Skins, sheep, wet salted","Sheep and lamb skins without wool. See 920.","","410229","410229","02953.03"
"999","Skins, sheep, with wool","Sheep and lamb skins (excluding 1002), with wool on, salted, dried, limed, pickled or otherwise preserved.","","410210","410210","02953.01"
"83","Sorghum","Sorghum spp.: guinea corn (S. guineense); common, milo, feterita, kaffir corn (S. vulgare); durra, jowar, kaoliang (S. dura). A cereal that has both food and feed uses. Sorghum is a major food grain in most of Africa, where it is also used in traditional beer brewing. It is desirable to report hybrid and other varieties separately.","","100700","100710, 100790","0114"
"241","Soya curd","Obtained by precipitating proteins from soya milk and removing the fluid. Can be fermented or non-fermented.","","210610","210610","23999.03"
"240","Soya paste","A fermented, salty condiment. Soya paste can be produced through brine fermentation of low- moisture soya curd.","","210390, 210610","210390, 210610","23995.02"
"239","Soya sauce","A fermented soya product from defatted soybeand and wheat or other cereals that is filtered and pasteurized.","","210310","210310","23995.01"
"236","Soybeans","Glycine soja. The most important oil crop. Also widely consumed as a bean and in the form of various derived products because of its high protein content, e.g. soya milk, meat, etc.","","120100","120110, 120190","0141"
"723","Spices, nes","Including inter alia: bay leaves (Laurus nobilis); dill seed (Anethum graveolens); fenugreek seed (Trigonella foenum-graecum); saffron (Crocus sativus); thyme (Thymus vulgaris); turmeric (Curcuma longa). Other spices that are not identified separately because of their minor relevance at the international level. Because of their limited local importance, some countries report spices under this heading that are classified individually by FAO. This heading also includes curry powder and other mixtures of different spices.","","091020, 091030, 091091, 091099","091020, 091030, 091091, 091099","01699"
"373","Spinach","Spinacia oleracea. Trade figures may include New Zealand spinach (Tetragonia espansa) and orache (garden) spinach (Atriplex hortensis).","","070970","070970","01215"
"129","Starch, cassava","See 119. The principal industrial outlet for cassava. Cassava starch is used in the foodstuffs, textile and paper industries for the manufacture of plywood and veneer, adhesives, glucose and dextrine.","","110814","110814","23220.06"
"635","Straw husks","Cereal straw and husks, unprepared, whether or not chopped, ground, pressed, or in the form of pellets.","","121300","121300","01913"
"544","Strawberries","Fragaria spp..","","081010","081010","01354"
"157","Sugar beet","Beta vulgaris var. altissima. In some producing countries, marginal quantities are consumed, either directly as food or in the preparation of jams.","","121291","121291","01801"
"168","Sugar confectionery","Sugar confectionery, including chewing gum, that does not contain cocoa. Includes white chocolate.","","170410, 170490","170410, 170490","23670.01"
"161","Sugar crops, nes","Including inter alia: sugar maple (Acer saccharum); sweet sorghum (Sorghum saccharatum); sugar palm (Arenga saccharifera). Includes minor sugar crops of local importance. In the case of saps, production is to be expressed in liquid equivalent.","","121299","121299","01809"
"171","Sugar flavoured","","","","",""
"163","Sugar non-centrifugal","Generally derived from sugar cane through traditional methods without centrifugation.","","170111","170113","23511.02"
"162","Sugar Raw Centrifugal","The sum of codes 158 and 159. Processed further to obtain refined sugar.","","170111, 170112","170112, 170114","2351f"
"164","Sugar refined","Production covers domestic production, plus or minus imports and/or exports of raw centrifugal sugar in terms of refined sugar.","","170191, 170199","170191, 170199","23520"
"167","Sugar, nes","Includes invert sugar, caramel, golden syrup, artificial honey, maltose other than chemically pure, sorghum and palm sugars. See also the general note in the introduction.","","170290","170290","23210.04"
"267","Sunflower seed","Helianthus annuus. Valued mainly for its oil. Minor uses include as a human food and as feed for birds.","","120600","120600","01445"
"447","Sweet corn frozen","Either uncooked, or cooked by steaming or boiling in water, and then frozen.","","071040","071040","21319.01"
"448","Sweet corn prep or preserved","Prepared or preserved other than by vinegar or acetic acid; not frozen.","","200580","200580","21399.03"
"122","Sweet potatoes","Ipomoea batatas. A seasonal crop grown in tropical and subtropical regions. Used mainly for human food. Trade data cover fresh and dried tubers, whether or not sliced or in the form or pellets.","","071420","071420","01530"
"1225","Tallow","Rendered fats of animals other than pigs, excluding tallow oil or stearine.","","150200","150210","21523"
"495","Tangerines, mandarins, clementines, satsumas","Mandarin, tangerine (Citrus reticulata); clementine, satsuma (C. unshiu).","","080520","080520","01324"
"667","Tea","Camellia sinensis; Thea sinensis; Thea assaamica. Includes green tea (unfermented), black tea (fermented), and partially fermented tea. Excludes green tea eaten as a vegetable.","","090210, 090220, 090230, 090240","090210, 090220, 090230, 090240","01620"
"672","Tea, mate extracts","Includes essences, concentrates and preparations of tea and mat‚.","","210120","210120","23914"
"831","Tobacco products nes","Includes smoking, chewing, snuff tobacco, homogenized or compressed tobacco, manufactured tobacco substitutes, tobacco extracts and essences.","","240310, 240391, 240399","240310, 240391, 240399","25090"
"826","Tobacco, unmanufactured","Nicotiana tabacum. Unmanufactured dry tobacco, including refuse that is not stemmed or stripped, or is partly or wholly stemmed or stripped.","","240110, 240120, 240130","240110, 240120, 240130","01970"
"388","Tomatoes","Lycopersicon esculentum.","","070200","070200","01234"
"391","Tomatoes, paste","Tomatoes prepared or preserved o/t by vinegar, in the form of paste, pur‚e or concentrate. Includes juice of dry weight content of 7% or more.","","200290","200290","21399.01"
"392","Tomatoes, peeled","Prepared or preserved o/t by vinegar; either whole or in pieces.","","200210","200210","21399.02"
"97","Triticale","A minor cereal that is a cross between wheat and rye, combining the quality and yield of wheat with the hardiness of rye.","","100890","100860","01191"
"1079","Turkeys","Meleagris gallopavo. See 1057.","","010512, 010599","010512, 010599","02152"
"646","Turnips for fodder","Brassica rapa var. rapifera. Especially cultivated for fodder.","","121490","121490","01919.05"
"692","Vanilla","Vanilla planifolia; V. pompona. The fruit (or bean) of a climbing plant of the orchid family. Includes whole, crushed or ground.","","090500","090510, 090520","01658"
"306","Vegetable tallow","Obtained by pressure extraction or by solvent from the kernels of the fruit of the Borneo tallow tree and from the outer coating that surrounds the seeds of the fruit of the Chinese tallow tree. Used as a substitute for cocoa butter. Also used in soap, candles, medicines and cosmetics.","","151590","151590","21691.09"
"471","Vegetables in vinegar","Vegetables, fruit, nuts and other edible parts of plants, prepared or preserved with vinegar or acetic acid, with or without added sugar, salt, spices, etc. Includes pickles.","","200110, 200190","200110, 200190","21340"
"465","Vegetables, canned nes","","","","",""
"469","Vegetables, dehydrated","Vegetables that are dried, dehydrated, evaporated or freeze-dried. Includes dried vegetables that are broken or powdered.","","071220, 071290","071220, 071290","21393.90"
"464","Vegetables, dried nes","","","","",""
"463","Vegetables, fresh nes","Including inter alia: bamboo shoots (Bambusa spp.); beets, chards (Beta vulgaris); capers (Capparis spinosa); cardoons (Cynara cardunculus); celery (Apium graveolens); chervil (Anthriscus cerefolium); cress (Lepidium sativum); fennel (Foeniculum vulgare); horseradish (Cochlearia armoracia); marjoram, sweet (Majorana hortensis); oyster plant (Tragopogon porrifolius); parsley (Petroselinum crispum); parsnips (Pastinaca sativa); radish (Raphanus sativus); rhubarb (Rheum spp.); rutabagas, swedes (Brassica napus); savory (Satureja hortensis); scorzonera (Scorzonera hispanica); sorrel (Rumex acetosa); soybean sprouts tarragon (Artemisia dracunculus); watercress (Nasturtium officinale). Other vegetables that are not identified separately because of their minor relevance at the international level. Because of their limited local importance, some countries report vegetables under this heading that are classified individually by FAO.","","070690, 070940, 070990","070690, 070940, 070999","01290.90"
"460","Vegetables, fresh or dried products nes","Fruit stones, kernels and other vegetable products used primarily for human food that are not specified or included elsewhere.","","121299","121299","01990.01"
"473","Vegetables, frozen","Vegetables, either uncooked, or cooked by steaming or boiling in water, and then frozen.","","071021, 071022, 071029, 071030, 071080, 071090","071021, 071022, 071029, 071030, 071080, 071090","F0473"
"476","Vegetables, homogenized preparations","Preparations Vegetables prepared for dietetic and infant food.","","200510","200510","23991.02"
"472","Vegetables, preserved nes","Vegetables prepared or preserved o/t by vinegar and which have not been frozen.","","200520, 200540, 200551, 200559, 200560, 200591, 200599","200520, 200540, 200551, 200559, 200560, 200591, 200599","F0472"
"475","Vegetables, preserved, frozen","Vegetables that are prepared or preserved o/t by vinegar, and then frozen.","","200410, 200490","200410, 200490","F0475"
"474","Vegetables, temporarily preserved","Vegetables preserved with SO2, brine, etc., but which are unsuitable for consumption in that state.","","071140, 071151, 071159, 071190","071140, 071151, 071159, 071190","21330.90"
"565","Vermouths & similar","Beverages made with wine of fresh grapes and flavoured with aromatic substances.","","220510, 220590","220510, 220590","24220"
"205","Vetches","Spring/common vetch (Vicia sativa). Used mainly for animal feed.","","121490","121490","01709.01"
"853","Vitamins","See 851.","","230990","230990","23319.09"
"110","Wafers","Communion wafers, empty cachets for pharmaceutical use and sealing wafers.","","190590","190590","23490.01"
"232","Walnuts, shelled","Around 53% of the weight in shell.","","080232","080232","21429.02"
"222","Walnuts, with shell","Jugland spp.: J. regia. Produced in temperate zones of the Northern Hemisphere, particularly in the United States.","","080231","080231","01376"
"567","Watermelons","Citrullus vulgaris.","","080711","080711","01221"
"631","Waters,ice etc","Includes natural or artificial mineral waters without added sugar, sweeteners or flavourings.","","220110, 220190","220110, 220190","17400"
"1296","Waxes vegetable","Including inter alia: candelilla (Euphorbia antisyphilitica; Pedilanthus pavonis); carnauba (Copernicia cerifera); urucury (Attalea excelsa); palm wax (Ceroxylon andicolum). Vegetable waxes, whether crude or refined, bleached or coloured. Excludes mixtures and chemically modified waxes.","","152110","152110","21931"
"15","Wheat","Triticum spp.: common (T. aestivum) durum (T. durum) spelt (T. spelta). Common and durum wheat are the main types. Among common wheat, the main varieties are spring and winter, hard and soft, and red and white. At the national level, different varieties should be reported separately, reflecting their different uses. Used mainly for human food.","","100110, 100190","100111, 100119, 100191, 100199","0111"
"890","Whey, condensed","Whey paste.","","040410","040410","22130.03"
"900","Whey, dry","Used in both food and animal feed.","","040410","040410","22130.02"
"564","Wine","Wines of fresh grapes of all qualities, including sparkling, fortified and dessert wines.","","220410, 220421, 220429","220410, 220421, 220429","24212.02"
"988","Wool, degreased","Includes scoured and carbonized, but does not include carded or combed wool.","","510121, 510129, 510130","510121, 510129, 510130","26130"
"987","Wool, greasy","A natural fibre taken from sheep or lambs. Includes fleece-washed, shorn and pulled wool (from slaughtered animals), but does not include carded or combed wool.","","510111, 510119","510111, 510119","02941"
"1009","Wool, hair waste","Noils of wool or animal hair not garnetted; other waste of wool and animal hair (excluding horsehair) not covered in 1007.","","510310, 510320, 510330","510310, 510320, 510330","F1009"
"892","Yoghurt, concentrated or not","Includes additives such as sugar, flavouring materials, fruit or cocoa.","","040310","040310","22230.02"
